'ABridgen','Andrew Bridgen'
'ACunninghamMP','Alex Cunningham'
'AdamAfriyie','Adam Afriyie'
'AdrianBaileyMP','Adrian Bailey'
'AJonesMP','Andrew Jones'
'AlanBrownSNP','Alan Brown'
'alancampbellmp','Alan Campbell'
'AlanMakMP','Alan Mak'
'alanwhiteheadmp','Alan Whitehead'
'AlbertoCostaMP','Alberto Costa'
'AlbertOwenMP','Albert Owen'
'AlecShelbrooke','Alec Shelbrooke'
'ALewerMBE','Andrew Lewer'
'alexburghart','Alex Burghart'
'AlexChalkChelt','Alex Chalk'
'alexsobel','Alex Sobel'
'Alison_McGovern','Alison McGovern'
'alisonthewliss','Alison Thewliss'
'AlistairBurtUK','Alistair Burt'
'AlokSharma_RDG','Alok Sharma'
'AlunCairns','Alun Cairns'
'amandamilling','Amanda Milling'
'AmberRuddHR','Amber Rudd'
'amcarmichaelMP','Alistair Carmichael'
'andreajenkyns','Andrea Jenkyns'
'andrealeadsom','Andrea Leadsom'
'Andrew4Pendle','Andrew Stephenson'
'AndrewRosindell','Andrew Rosindell'
'AndrewSelous','Andrew Selous'
'AndyMcDonaldMP','Andy McDonald'
'AngelaCrawley30','Angela Crawley'
'angelaeagle','Angela Eagle'
'AngelaRayner','Angela Rayner'
'angelasmithmp','Angela Smith'
'AngusMacNeilSNP','Angus B MacNeil'
'Anna_Soubry','Anna Soubry'
'AnnaMcMorrin','Anna McMorrin'
'AnnClwyd','Ann Clwyd'
'anncoffey_mp','Ann Coffey'
'AnnelieseDodds','Anneliese Dodds'
'AnneMarieMorris','Anne Marie Morris'
'AnneMilton','Anne Milton'
'annietrev','Anne-Marie Trevelyan'
'ANorrisMP','Alex Norris'
'AWMurrison','andrew murrison'
'BambosMP','Bambos Charalambous'
'BarryGardiner','Barry Gardiner'
'BarryMcElduff','Barry McElduff'
'BarrySheerman','Barry Sheerman'
'BenMLake','Ben Lake AS/'
'BenPBradshaw','Ben Bradshaw'
'bernardjenkin','Bernard Jenkin'
'Bill_Esterson','Bill Esterson'
'BillCashMP','Bill Cash'
'BimAfolami','Bim Afolami'
'BlaenauGwentMP','Nick Smith'
'BobBlackman','Bob Blackman'
'BorisJohnson','Boris Johnson'
'bphillipsonMP','Bridget Phillipson'
'BrandonLewis','Brandon Lewis'
'BrendanOHaraSNP','Brendan O'Hara'
'BrineMP','Steve Brine'
'BWallaceMP','Rt. Hon Ben Wallace'
'cajardineMP','Christine Jardine'
'CarolineFlintMP','Caroline Flint'
'CarolineLucas','Caroline Lucas'
'carolinenokes','Caroline Nokes'
'carolynharris24','Carolyn Harris'
'CatherineWest1','Catherine West'
'CatMcKinnell','Catherine McKinnell'
'CatSmithMP','Cat Smith'
'CGreenUK','Chris Green'
'CharlieElphicke','Charlie Elphicke'
'CherylGillan','Rt Hon Dame Cheryl Gillan'
'chhcalling','Chris Heaton-Harris'
'Chris_RuaneMP','Chris Ruane'
'ChrisEvansMP','Chris Evans'
'ChrisHazzardSF','Chris Hazzard'
'ChrisLawSNP','Chris Law'
'ChrisLeslieMP','Chris Leslie'
'ChrisM4Chester','Chris Matheson'
'ChrisPincher','Christopher Pincher'
'ChrisStephens','Chris Stephens'
'ChukaUmunna','Chuka Umunna'
'cj_dinenage','Caroline Dinenage'
'CliveEfford','Clive Efford'
'cmackinlay','Craig Mackinlay'
'CMonaghanSNP','Carol Monaghan'
'Colin_J_Clark','Colin J. Clark'
'ConorBurnsUK','Conor Burns'
'ConorMcGinn','Conor McGinn'
'coyleneil','Neil Coyle'
'CPhilpOfficial','Chris Philp'
'CPJElmore','Chris Elmore'
'craig4nwarks','Craig Tracey'
'CrispinBlunt','Crispin Blunt'
'CSkidmoreUK','Chris Skidmore'
'CWhittakerMP','Craig Whittaker'
'DamianCollins','Damian Collins'
'DamianGreen','Damian Green'
'DamianHinds','Damian Hinds'
'damienmooremp','Damien Moore'
'DanCardenMP','Dan Carden'
'DanielZeichner','Daniel Zeichner'
'DaniRowley','Danielle Rowley'
'DanJarvisMP','Dan Jarvis'
'darrenpjones','Darren Jones'
'DavidCrausby','David Crausby'
'DavidDavisMP','David Davis'
'DavidEDrew','David Drew'
'DavidEvennett','Sir David Evennett'
'DavidGauke','David Gauke'
'DavidHansonMP','David Hanson'
'DavidJonesMP','David Jones'
'DavidLammy','David Lammy'
'DavidLinden','David Linden'
'davidmorrisml','David Morris'
'DavidMundellDCT','David Mundell'
'DavidRutley','David Rutley'
'DavidSimpsonDUP','David Simpson'
'DawnButlerBrent','Dawn Butler'
'Debbie_abrahams','Debbie Abrahams'
'DeidreBrock','Deidre Brock'
'DerbyChrisW','Chris Williamson'
'DerekThomasUK','Derek Thomas'
'DerekTwiggMP','Derek Twigg'
'DesmondSwayne','Desmond Swayne'
'DianaJohnsonMP','Diana Johnson'
'DJWarburton','David Warburton'
'DLidington','David Lidington'
'DougChapmanSNP','Douglas Chapman'
'Douglas4Moray','Douglas Ross'
'Dr_PhilippaW','Dr Philippa Whitford'
'drcarolinej','Dr Caroline Johnson'
'drewhendrySNP','Drew Hendry'
'DrLisaCameronMP','Dr Lisa Cameron'
'DrPhillipLeeMP','Dr Phillip Lee'
'DrRosena','Dr Rosena Allin-Khan'
'Dunne4Ludlow','Philip Dunne'
'eastantrimmp','Sammy Wilson'
'Ed_Miliband','Ed Miliband'
'EddieHughes','Eddie Hughes'
'edvaizey','Ed Vaizey'
'EdwardJDavey','Ed Davey'
'EdwardLeighMP','Sir Edward Leigh'
'edwardtimpson','Edward Timpson'
'eleanor4epping','Eleanor Laing'
'Eleanor_SmithMP','Eleanor Smith'
'ElishaMcC_SF','Elisha McCallion'
'elliereeves','Ellie Reeves'
'EmilyThornberry','Emily Thornberry'
'emmadentcoad','Emma Dent Coad'
'EmmaHardyMP','Emma Hardy'
'EmmaLewellBuck','Emma Lewell-Buck'
'EmmaReynoldsMP','Emma Reynolds'
'EstherMcVey1','Esther McVey'
'FabianLeedsNE','Fabian Hamilton'
'FaisalRashidMP','Faisal Rashid'
'Fiona_Onasanya','Fiona Onasanya'
'FitzMP','Jim Fitzpatrick'
'FrancieMolloy','Francie Molloy'
'frankfieldteam','Frank Field'
'gareth_snell','Gareth Snell'
'GarethJohnsonMP','Gareth Johnson'
'GarethThomasMP','Gareth Thomas'
'gavinshuker','Gavin Shuker'
'GavinWilliamson','Gavin Williamson'
'GavNewlandsSNP','Gavin Newlands'
'Gedk','Ged Killen'
'Geoffrey_Cox','Geoffrey Cox QC'
'GeorgeFreemanMP','George Freeman'
'GeraintDaviesMP','Geraint Davies'
'GeraldJonesLAB','Gerald Jones'
'gildernewm','Michelle Gildernew'
'GilesWatling','Giles Watling'
'GillFurnissMP','Gill Furniss'
'GillianKeegan','Gillian Keegan'
'GlindonMary','Mary Glindon'
'GloriaDePiero','Gloria De Piero'
'GlynDavies','Glyn Davies'
'GordonMarsden','Gordon Marsden'
'GradySNP','Patrick Grady'
'grahamemorris','Grahame Morris'
'GrahamJones_MP','Graham Jones'
'grahamstuart','Graham Stuart'
'grantshapps','Grant Shapps'
'GregClarkMP','Greg Clark'
'GregHands','Greg Hands'
'GregKnight','Sir Greg Knight'
'GRobinsonDUP','Gavin Robinson'
'GutoAberconwy','Guto Bebb'
'GuyOpperman','Guy Opperman'
'GwynneMP','Andrew J. Gwynne'
'HackneyAbbott','Diane Abbott'
'halfon4harlowMP','Robert Halfon'
'hammersmithandy','Andy Slaughter'
'HannahB4LiviMP','Hannah Bardell'
'HarrietHarman','Harriet Harman'
'hbaldwin','Harriett Baldwin'
'HeatherWheeler','Heather Wheeler'
'Heidi_LDN','Heidi Alexander'
'heidiallen75','Heidi Allen'
'Helen_Whately','Helen Whately'
'HelenGoodmanMP','Helen Goodman'
'HelenGrantMP','Helen Grant'
'helenhayes_','Helen Hayes'
'HelenJonesMP','Helen Jones'
'HenrySmithUK','Henry Smith'
'hilarybennmp','Hilary Benn'
'HollyLynch5','Holly Lynch'
'HuddlestonNigel','Nigel Huddleston'
'HughGaffneyMP','Hugh Gaffney'
'HugoSwire','Hugo Swire'
'HuwMerriman','Huw Merriman'
'HywelPlaidCymru','Hywel Williams'
'iainastewart','Iain Stewart'
'IanAustinMP','Ian Austin'
'IanBlackfordMP','Ian Blackford'
'IanCLucas','Ian Lucas'
'IanLaveryMP','Ian Lavery'
'IanMearnsMP','Ian Mearns'
'Imran_HussainMP','Imran Hussain'
'IoWBobSeely','Bob Seely'
'IvanLewis_MP','Ivan Lewis'
'J_Donaldson_MP','Jeffrey Donaldson'
'JackDromeyMP','Jack Dromey'
'JackieDP','Jackie Doyle-Price'
'JackLopresti','Jack Lopresti'
'JakeBerry','Jake Berry'
'JamesCleverly','James Cleverly'
'JamesDuddridge','James Duddridge'
'JamesFrith','James Frith'
'JamesMorris','James Morris'
'Jamie4North','Jamie Stone'
'jarrowstevemp','Stephen Hepburn'
'JBrokenshire','James Brokenshire'
'jc4southsuffolk','James Cartlidge'
'JDjanogly','Jonathan Djanogly'
'JeffSmithetc','Jeff Smith'
'JennyChapman','Jenny Chapman'
'Jeremy_Hunt','Jeremy Hunt'
'jeremycorbyn','Jeremy Corbyn'
'JeremyLefroy','Jeremy Lefroy'
'Jesse_Norman','Jesse Norman'
'jessicamordenmp','Jessica Morden'
'jessphillips','Jess Phillips'
'JGray','James Gray'
'JHowellUK','John Howell'
'jimforcovsouth','Jim Cunningham'
'JimfromOldham','Jim McMahon'
'joannaccherry','Joanna Cherry QC'
'joanryanEnfield','Joan Ryan'
'Jochurchill4','Jo Churchill'
'John2Win','John Lamont'
'JohnCryerMP','John Cryer'
'JohnGlenUK','John Glen'
'JohnHealey_MP','John Healey'
'JohnMannMP','John Mann'
'johnmcdonnellMP','John McDonnell'
'JohnMcNallyMP','John McNally'
'JohnnyMercerUK','Johnny Mercer'
'JohnPenroseNews','John Penrose'
'johnredwood','John Redwood'
'JohnStevensonMP','John Stevenson'
'JoJohnsonUK','Jo Johnson'
'jon_trickett','Jon Trickett'
'JonAshworth','Jonathan Ashworth'
'JonathanPlaid','Jonathan Edwards'
'JonCruddas_1','Jon Cruddas'
'JoPlattMP','Jo Platt'
'JoStevensLabour','Jo Stevens'
'joswinson','Jo Swinson'
'jreynoldsMP','Jonathan Reynolds'
'JSHeappey','James Heappey'
'JudithCummins','Judith Cummins'
'JuliaLopezMP','Julia Lopez'
'julianknight15','Julian Knight'
'JulianSmithUK','Julian Smith'
'JulieElliottMP','Julie Elliott'
'JulieForBurnley','Julie Cooper'
'JustineGreening','Justine Greening'
'justinmadders','Justin Madders'
'JustinTomlinson','Justin Tomlinson'
'JWhittingdale','John Whittingdale'
'JWoodcockMP','John Woodcock'
'KarenPBuckMP','Karen Buck'
'karinsmyth','Karin Smyth'
'KarlTurnerMP','Karl Turner'
'Kate_HollernMP','Kate Hollern'
'KateGreenSU','Kate Green'
'KateHoeyMP','Kate Hoey'
'KateOsamor','Kate Osamor'
'KeeleyMP','Barbara Keeley'
'Keir_Starmer','Keir Starmer'
'KeithSimpsonMP','Keith Simpson'
'KellyTolhurst','Kelly Tolhurst'
'KemiBadenoch','Kemi Badenoch'
'KenClarkeMP','Ken Clarke'
'KerryMP','Kerry McCarthy'
'KevanJonesMP','Kevan Jones'
'kevin_j_foster','Kevin Foster'
'KevinBarronMP','Kevin Barron'
'KevinBrennanMP','Kevin Brennan'
'kevinhollinrake','Kevin Hollinrake'
'khalid4PB','Khalid Mahmood'
'Kirstene4Angus','Kirstene Hair'
'KirstySNP','Kirsty Blackman'
'kitmalthouse','Kit Malthouse'
'KwasiKwarteng','Kwasi Kwarteng'
'labourlewis','Clive Lewis'
'LabourSJ','Sarah Jones'
'LauraPidcockMP','Laura Pidcock'
'LaylaMoran','Layla Moran'
'Lee4NED','Lee Rowley'
'leicesterliz','Liz Kendall'
'LeoDochertyUK','Leo Docherty'
'LesleyLaird','Lesley Laird'
'LiamByrneMP','Liam Byrne'
'LiamFox','Dr Liam Fox'
'LilianGreenwood','Lilian Greenwood'
'LindsayHoyle_MP','Lindsay Hoyle'
'lisanandy','Lisa Nandy'
'little_pengelly','E Little-Pengelly'
'LizMcInnes_MP','Liz McInnes'
'LizTwistMP','Liz Twist'
'LouHaigh','Louise Haigh'
'LouiseEllman','Louise Ellman'
'lrobertsonTewks','Laurence Robertson'
'LSRPlaid','Liz Saville Roberts'
'lucianaberger','Luciana Berger'
'lucyallan','Lucy Allan'
'lucyfrazermp','Lucy Frazer'
'LucyMPowell','Lucy Powell'
'LukeGrahamMP','Luke Graham'
'LukeHall','Luke Hall'
'LukePollard','Luke Pollard'
'lynbrownmp','Lyn Brown'
'MadeleineMoon','Madeleine Moon'
'Marcus4Nuneaton','Marcus Jones'
'MarcusFysh','Marcus Fysh'
'margarethodge','Margaret Hodge'
'margot_james_mp','Margot James'
'mariacaulfield','Maria Caulfield'
'MarieRimmer','Marie Rimmer'
'marionfellows','Marion Fellows'
'Mark4WyreForest','Mark Garnier'
'Mark_J_Harper','Mark Harper'
'Mark_Spencer','Mark Spencer'
'MarkFieldUK','Mark Field'
'MarkLancasterMK','Mark Lancaster'
'MarkPawsey','Mark Pawsey'
'MarkTamiMP','Mark Tami'
'MarshadeCordova','Marsha de Cordova'
'MartinJDocherty','Martin Docherty-Hughes'
'MartinVickers','Martin Vickers'
'MartWhitfieldMP','Martin Whitfield'
'MartynDaySNP','Martyn Day'
'MaryCreaghMP','Mary Creagh'
'MaryRobinson01','Mary Robinson'
'MattHancock','Matt Hancock'
'MattRodda','Matt Rodda'
'mattwarman','Matt Warman'
'MattWestern_','Matt Western'
'meaglemp','Maria Eagle'
'Meg_HillierMP','MegHillierMP'
'Metcalfe_SBET','Stephen Metcalfe'
'MGreenwoodWW','Margaret Greenwood'
'MhairiBlack','Mhairi Black'
'Michael4MDNP','Michael Tomlinson'
'Michael_Ellis1','Michael Ellis'
'michaelgove','Michael Gove'
'michelledonelan','Michelle Donelan'
'MickeyBradySF','Mickey Brady'
'Mike_Fabricant','Michael Fabricant'
'MikeAmesburyMP','Mike Amesbury'
'MikeGapes','Mike Gapes'
'mikejwood','Mike Wood'
'MikeKaneMP','Mike Kane'
'mimsdavies','Mims Davies'
'morton_wendy','Wendy Morton'
'MpHendrick','Mark Hendrick'
'MPphilwilson','Phil Wilson'
'MPritchardUK','Mark Pritchard'
'mtpennycook','Matthew Pennycook'
'nadams','Nigel Adams'
'nadhimzahawi','Nadhim Zahawi'
'NadineDorries','Nadine Dorries'
'NazShahBfd','Naz Shah'
'NeilDotObrien','Neil O'Brien'
'NeilGrayMP','Neil Gray'
'neill_bob','Bob Neill'
'NiaGriffithMP','Nia Griffith'
'NicDakinMP','Nic Dakin'
'NickBoles','Nick Boles'
'NickGibbUK','Nick Gibb'
'nickherbertmp','Nick Herbert'
'NickHurdUK','Nick Hurd'
'NickTorfaenMP','Nick Thomas-Symonds'
'NickyMorgan01','Nicky Morgan'
'NigelDoddsDUP','Nigel Dodds'
'nigelmills','Nigel Mills'
'nigelmp','nigelevansRibbleV.'
'normanlamb','Norman Lamb'
'NorwichChloe','Chloe Smith'
'NSoames','Nicholas Soames'
'Nus_Ghani','Nusrat Ghani'
'Offord4Hendon','Matthew Offord'
'oletwinofficial','Oliver Letwin'
'OliverHealdUK','Sir Oliver Heald'
'OnnMel','Melanie Onn'
'OwenPaterson','Owen Paterson'
'OwenSmith_MP','Owen Smith'
'patel4witham','Priti Patel'
'patmcfaddenmp','Pat McFadden'
'Patrick4Dales','Patrick McLoughlin'
'paulasherriff','Paula Sherriff'
'PaulBlomfieldMP','Paul Blomfield'
'PaulFlynnMP','Paul Flynn'
'paulgivan','Paul Givan'
'Pauline_Latham','Pauline Latham'
'PaulJSweeney','Paul Sweeney'
'PaulMaskeyMP','Paul Maskey'
'PaulMaynardUK','Paul Maynard'
'PaulWilliamsMP','Dr Paul Williams'
'PBottomleyMP','Sir Peter Bottomley'
'PennyMordaunt','Penny Mordaunt'
'peter_aldous','Peter Aldous'
'Peter_Dowd','Peter Dowd'
'PeterBoneUK','Peter Bone'
'PeterGrantMP','Peter Grant'
'peterkyle','Peter Kyle'
'PeterNorthDevon','Peter Heaton-Jones'
'PeteWishart','Pete Wishart'
'PGibsonSNP','Patricia Gibson'
'PhilipDaviesUK','Philip Davies'
'PhilipHammondUK','Philip Hammond'
'PM4EastRen','Paul Masterton'
'pow_rebecca','Rebecca Pow'
'PreetKGillMP','Preet Kaur Gill'
'PriskMark','Mark Prisk'
'RachaelMaskell','Rachael Maskell'
'RachelReevesMP','Rachel Reeves'
'RebeccaHarrisMP','Rebecca Harris'
'redditchrachel','Rachel Maclean'
'Rees4Neath','Christina Rees'
'Rehman_Chishti','Rehman Chishti'
'RhonddaBryant','Chris Bryant'
'Richard4Watford','Richard Harrington'
'RichardBenyonMP','Richard Benyon'
'RichardBurdenMP','Richard Burden'
'RichardBurgon','Richard Burgon'
'RichardGrahamUK','Richard Graham'
'RLong_Bailey','Rebecca Long-Bailey'
'robertabwMP','Roberta Blackman-Woods'
'RobertBuckland','Robert Buckland QC'
'robertcourts','Robert Courts'
'RobertJenrick','Robert Jenrick'
'RobertSyms','Sir Robert Syms'
'RogerGodsiff','Roger Godsiff'
'ronniecowan','Ronnie Cowan'
'RoryStewartUK','Rory Stewart'
'rosie4westlancs','Rosie Cooper'
'RosieDuffield1','Rosie Duffield'
'RossThomson_MP','Ross Thomson'
'Royston_Smith','Royston Smith'
'RupaHuq','Rupa Huq'
'rushanaraali','Rushanara Ali'
'RuthCadbury','Ruth Cadbury'
'RuthGeorge6','Ruth George'
'RuthSmeeth','Ruth Smeeth'
'S_Hammond','Stephen Hammond'
'sajidjavid','Sajid Javid'
'SamGyimah','Sam Gyimah'
'Sandbach','Antoinette Sandbach'
'sandyofipswich','Sandy Martin'
'SarahChampionMP','Sarah Champion'
'sarahwollaston','Sarah Wollaston'
'scottmann4NC','Scott Mann'
'SCrabbPembs','Stephen Crabb'
'scullyp','Paul Scully'
'SDoughtyMP','Stephen Doughty'
'SeemaKennedy','Seema Kennedy'
'ShabanaMahmood','Shabana Mahmood'
'SharonHodgsonMP','Sharon Hodgson'
'sheryllmurray','Sheryll Murray'
'Simon4NDorset','Simon Hoare'
'SimonClarkeMP','Simon Clarke'
'Simonhartmp','Simon Hart'
'Siobhain_MP','Siobhain McDonagh'
'SKinnock','Stephen Kinnock'
'SMcPartland','Stephen McPartland'
'SNewtonUK','Sarah Newton'
'spellar','John Spellar'
'spelmanc','Dame Caroline Spelman'
'stellacreasy','stellacreasy'
'Steph_Peacock','Stephanie Peacock'
'stephenctimms','Stephen Timms'
'StephenGethins','Stephen Gethins'
'stephenkerrMP','Stephen Kerr'
'StephenLloydEBN','Stephen Lloyd'
'StephenMorganMP','Stephen Morgan'
'StephenTwigg','Stephen Twigg'
'steve_mccabe','Steve McCabe'
'SteveBakerHW','Steve Baker'
'SteveBarclay','Steve Barclay'
'stevedouble','Steve Double'
'SteveReedMP','Steve Reed'
'StewartHosieSNP','Stewart Hosie'
'StewartMcDonald','Stewart McDonald'
'Stuart_McDonald','Stuart McDonald'
'StuartAndrew','Stuart Andrew'
'StuieDonaldson','Stuart Donaldson'
'SueHayman1','Sue Hayman'
'SuellaBraverman','Suella Braverman'
'susanelanjones','Susan Elan Jones'
'TanDhesi','Tanmanjeet Singh Dhesi'
'ThangamMP','Thangam Debbonaire'
'Thelma_WalkerMP','Thelma Walker'
'theresa_may','Theresa May'
'theresecoffey','Therese Coffey'
'thomasbrake','Tom Brake'
'timfarron','Tim Farron'
'timloughton','Tim Loughton'
'Tobias_Ellwood','Tobias Ellwood'
'tobyperkinsmp','Toby Perkins'
'tom_watson','Tom Watson'
'TommySheppard','Tommy Sheppard'
'TomTugendhat','Tom Tugendhat'
'ToniaAntoniazzi','Tonia Antoniazzi'
'tony4rochdale','Tony Lloyd'
'tpearce003','teresa pearce'
'tracey_crouch','Tracey Crouch'
'TracyBrabin','Tracy Brabin'
'trussliz','Liz Truss'
'TulipSiddiq','Tulip Siddiq'
'Valerie_VazMP','Valerie Vaz'
'Vernon_Coaker','Vernon Coaker'
'vickyford','Vicky Ford'
'vickyfoxcroft','Vicky Foxcroft'
'VictoriaPrentis','Victoria Prentis'
'vincecable','Vince Cable'
'VirendraSharma','Virendra Sharma'
'VotePursglove','Tom Pursglove'
'WalkerWorcester','Robin Walker'
'WayneDavid_MP','Wayne David'
'Wera_Hobhouse','Wera Hobhouse'
'wesstreeting','Wes Streeting'
'William_Wragg','William Wragg'
'willquince','Will Quince'
'Y_FovargueMP','Yvonne Fovargue'
'YasminQureshiMP','Yasmin Qureshi'
'YvetteCooperMP','Yvette Cooper'
'ZacGoldsmith','Zac Goldsmith'
